Player,Team,Age,GP,MP,Min,Screen Assists,Screen Assists PTS,,OFF Loose Balls Recovered,DEF Loose Balls Recovered,Loose Balls Recovered,% Loose BallsRecovered OFF,% Loose BallsRecovered DEF,Charges Drawn,Contested 2PT�Shots,Contested 3PT�Shots,Contested Shots
Tyrese Maxey,PHI,24,52,1960.4,37.7,0.3,0.6,2.6,0.3,0.4,0.7,37.1,62.9,0.02,1.6,1.8,3.4
Josh Hart,NYK,30,77,2895.2,37.6,1.6,3.7,2.8,0.5,0.7,1.1,40.2,59.8,0.03,2,2.9,4.9
Mikal Bridges,NYK,28,82,3075,37.5,0.4,1,1.7,0.4,0.3,0.7,57.6,42.4,0,2.9,2.1,5
Devin Booker,PHX,28,75,2797.5,37.3,0.4,0.9,1.5,0.5,0.3,0.8,58.7,41.3,0.03,1.8,1.5,3.3
Nikola Jokić,DEN,30,70,2569,36.7,4.3,9.9,3.8,0.3,0.3,0.6,53.8,46.2,0,3.3,2.3,5.6
OG Anunoby,NYK,27,74,2708.4,36.6,0.5,1.2,3.3,0.4,0.3,0.7,50.9,49.1,0.04,4.2,3.5,7.7
Kevin Durant,PHX,36,62,2263,36.5,0.4,0.8,1.5,0.1,0.2,0.3,42.9,57.1,0.02,3,3.2,6.2
Jayson Tatum,BOS,27,72,2620.8,36.4,0.4,1.1,2.1,0.3,0.3,0.6,55.6,44.4,0,1.4,1.8,3.2
Anthony Edwards,MIN,23,79,2867.7,36.3,0.2,0.4,2.2,0.3,0.3,0.6,53.1,46.9,0,1.8,1.5,3.3
Damian Lillard,MIL,34,58,2093.8,36.1,0.2,0.3,3,0.3,0.2,0.5,55.6,44.4,0.03,0.8,1.9,2.7
De'Aaron Fox,SAS,27,62,2238.2,36.1,0.3,0.6,3.1,0.3,0.3,0.7,53.7,46.3,0.02,1.5,3,4.5
Jamal Murray,DEN,28,67,2418.7,36.1,0.3,0.8,2.3,0.4,0.3,0.7,51.1,48.9,0.01,3.2,2.5,5.7
Kyrie Irving,DAL,33,50,1805,36.1,0.5,1.1,3.3,0.5,0.4,0.9,55.8,44.2,0.04,1.6,1.5,3.1
Trae Young,ATL,26,75,2707.5,36.1,0.2,0.5,2,0.3,0.3,0.6,52.1,47.9,0.07,0.4,1.1,1.5
DeMar DeRozan,SAC,35,77,2764.3,35.9,0.2,0.5,1.7,0.2,0.3,0.4,44.1,55.9,0.05,1.5,1.9,3.4
Jalen Johnson,ATL,23,36,1285.2,35.7,0.9,2.2,2.7,0.3,0.3,0.6,42.9,57.1,0,3.2,2.3,5.5
Jalen Brunson,NYK,28,65,2301,35.4,0.3,0.6,1.4,0.3,0.3,0.7,51.1,48.9,0.31,1.2,2.1,3.3
Luka Dončić,LAL,26,50,1770,35.4,0.2,0.5,3.4,0.2,0.4,0.5,29.6,70.4,0.08,2,2.8,4.8
Tyler Herro,MIA,25,77,2725.8,35.4,0.3,0.7,1.6,0.3,0.3,0.7,47.1,52.9,0,1.9,1.4,3.3
James Harden,LAC,35,79,2788.7,35.3,0.1,0.1,2.6,0.3,0.4,0.8,45.2,54.8,0.03,1.2,1.8,3
Fred VanVleet,HOU,31,60,2112,35.2,0.8,1.7,3,0.3,0.5,0.8,41.3,58.7,0.02,1.1,1.6,2.7
Zach LaVine,SAC,30,74,2604.8,35.2,0.5,1.1,1.4,0.2,0.2,0.5,47.1,52.9,0.01,1.6,3.1,4.7
Cade Cunningham,DET,23,70,2450,35,0.3,0.8,2.1,0.3,0.4,0.7,46,54,0.03,3,2.7,5.7
Karl-Anthony Towns,NYK,29,72,2520,35,2.5,5.6,2.1,0.3,0.3,0.7,51.1,48.9,0,5.5,1.8,7.3
Trey Murphy III,NOP,24,53,1855,35,0.4,1,2.4,0.3,0.3,0.6,53.3,46.7,0,3,2.4,5.4
Austin Reaves,LAL,27,73,2547.7,34.9,0.7,1.6,1.9,0.4,0.3,0.7,51,49,0.3,2.5,2.1,4.6
LeBron James,LAL,40,70,2443,34.9,0.8,2,1.9,0.4,0.3,0.7,55.3,44.7,0.13,1.8,2,3.8
Domantas Sabonis,SAC,29,70,2429,34.7,6,13.4,1.8,0.4,0.3,0.7,57.1,42.9,0,5.6,1.7,7.3
Kelly Oubre Jr.,PHI,29,60,2076,34.6,0.2,0.6,4.2,0.3,0.5,0.8,37,63,0.03,1.9,2.5,4.4
Paolo Banchero,ORL,22,46,1582.4,34.4,0.7,1.6,1.3,0.3,0.2,0.5,64,36,0.02,3,2.9,5.9
Bam Adebayo,MIA,27,78,2675.4,34.3,3.4,8.2,3.1,0.3,0.3,0.7,50,50,0,4,1.7,5.7
Jaylen Brown,BOS,28,63,2160.9,34.3,0.3,0.8,1.8,0.5,0.3,0.8,57.7,42.3,0.05,1.9,2.4,4.3
Keegan Murray,SAC,24,76,2606.8,34.3,0.5,1.2,1.4,0.2,0.4,0.6,37.2,62.8,0.16,4.3,3.1,7.4
Brandon Miller,CHA,22,27,923.4,34.2,1.3,3.1,2.3,0.1,0.3,0.5,30.8,69.2,0.07,2.4,2.6,5
Giannis Antetokounmpo,MIL,30,67,2291.4,34.2,2.2,5.2,1.6,0.5,0.2,0.7,72.7,27.3,0,2.9,2.4,5.3
Shai Gilgeous-Alexander,OKC,26,76,2599.2,34.2,0.3,0.6,2.8,0.4,0.5,0.9,45.8,54.2,0.01,2.9,2.5,5.4
Christian Braun,DEN,24,79,2678.1,33.9,0.8,2,1.8,0.3,0.3,0.7,45.1,54.9,0.05,2.6,2.2,4.8
Derrick White,BOS,30,76,2576.4,33.9,0.4,0.9,2.1,0.4,0.4,0.8,46.6,53.4,0.12,4.1,2.8,6.9
Dyson Daniels,ATL,22,76,2568.8,33.8,0.4,1,5.9,0.5,0.6,1,43,57,0,3.2,2.9,6.1
Franz Wagner,ORL,23,60,2022,33.7,0.3,0.8,2.2,0.2,0.4,0.7,35,65,0.08,2.4,1.9,4.3
Michael Porter Jr.,DEN,26,77,2594.9,33.7,0.7,1.5,1.3,0.2,0.2,0.4,47.1,52.9,0,2,1.6,3.6
Tyrese Haliburton,IND,25,72,2419.2,33.6,0.4,1,2.9,0.3,0.4,0.7,44,56,0,1.6,1.9,3.5
Anthony Davis,DAL,32,51,1703.4,33.4,3.1,7.3,2.1,0.5,0.4,0.9,54.5,45.5,0.04,6.2,3.4,9.6
Coby White,CHI,25,73,2423.6,33.2,0.3,0.8,1.3,0.3,0.4,0.6,40.9,59.1,0.04,2,1.9,3.9
Rudy Gobert,MIN,32,72,2390.4,33.2,4.8,12.1,1.8,0.3,0.1,0.3,80,20,0.01,7.7,2.2,9.9
Victor Wembanyama,SAS,21,46,1527.2,33.2,1.4,3.2,3.4,0.3,0.4,0.7,45.2,54.8,0.17,8.1,2.6,10.7
Brandon Ingram,TOR,27,18,595.8,33.1,0.2,0.6,1.1,0.4,0.1,0.5,77.8,22.2,0,2.2,1.4,3.6
Bilal Coulibaly,WAS,20,59,1947,33,0.5,1.1,2.6,0.4,0.5,0.9,48.1,51.9,0.02,2.4,2,4.4
Jalen Green,HOU,23,82,2697.8,32.9,0.1,0.2,1.2,0.2,0.2,0.4,53.1,46.9,0.01,2.6,1.6,4.2
Ivica Zubac,LAC,28,80,2624,32.8,3.4,7.9,1.1,0.1,0.3,0.4,34.3,65.7,0,7.7,2.3,10
Scottie Barnes,TOR,23,65,2132,32.8,0.8,1.8,2.3,0.4,0.3,0.8,54.9,45.1,0,3.3,2,5.3
Anfernee Simons,POR,26,70,2289,32.7,0.1,0.2,1.2,0.2,0.3,0.5,35.1,64.9,0.04,1.4,1.6,3
CJ McCollum,NOP,33,56,1831.2,32.7,0.2,0.5,1.5,0.3,0.4,0.7,45.9,54.1,0.04,1.7,2.1,3.8
Dejounte Murray,NOP,28,31,1013.7,32.7,0.2,0.6,3.5,0.1,0.4,0.5,25,75,0,1.6,1.8,3.4
Pascal Siakam,IND,31,78,2550.6,32.7,1,2.4,2,0.5,0.3,0.8,58.5,41.5,0,3.5,2.8,6.3
Toumani Camara,POR,25,78,2550.6,32.7,1.2,3,2.7,0.4,0.3,0.7,53.4,46.6,0.4,3.1,1.9,5
Julius Randle,MIN,30,68,2216.8,32.6,1.7,4.4,1.5,0.6,0.3,0.9,70,30,0,3.1,2.2,5.3
Norman Powell,LAC,32,60,1956,32.6,0.1,0.3,2,0.2,0.2,0.4,53.8,46.2,0,1.2,1.6,2.8
Paul George,PHI,35,41,1332.5,32.5,0.2,0.6,3.9,0.5,0.7,1.2,41.2,58.8,0.05,3,2.6,5.6
Herbert Jones,NOP,26,20,648,32.4,0.9,2.2,4.5,0.2,0.3,0.5,44.4,55.6,0.2,2.4,3,5.4
Jalen Williams,OKC,24,69,2235.6,32.4,0.2,0.4,3.5,0.4,0.5,0.9,40.3,59.7,0.06,2.8,1.5,4.3
Jerami Grant,POR,31,47,1522.8,32.4,0.2,0.5,2.3,0.2,0.3,0.6,42.3,57.7,0.06,2.3,1.8,4.1
Amen Thompson,HOU,22,69,2228.7,32.3,0.4,0.9,2.9,0.4,0.4,0.8,46.3,53.7,0.04,3.3,1.4,4.7
Jimmy Butler III,GSW,35,54,1738.8,32.2,1.1,2.6,3,0.5,0.3,0.9,59.6,40.4,0.02,1.8,1.6,3.4
P.J. Washington,DAL,26,57,1835.4,32.2,0.5,1.2,2.1,0.3,0.3,0.7,47.4,52.6,0,3.7,2.1,5.8
RJ Barrett,TOR,24,58,1867.6,32.2,0.4,0.9,2.4,0.4,0.2,0.6,61.8,38.2,0.05,2.5,2.3,4.8
Stephen Curry,GSW,37,70,2254,32.2,0.7,1.6,2.3,0.4,0.4,0.7,50,50,0.09,1.5,1.8,3.3
Bradley Beal,PHX,31,53,1701.3,32.1,0.3,0.5,2.4,0.4,0.3,0.7,55.6,44.4,0.06,2.2,2.5,4.7
Desmond Bane,MEM,26,69,2208,32,0.2,0.4,1.8,0.4,0.4,0.7,50,50,0,2.1,1.9,4
LaMelo Ball,CHA,23,47,1504,32,0.4,0.9,2.9,0.4,0.4,0.8,50,50,0,1.1,1.2,2.3
Alperen Sengun,HOU,22,75,2392.5,31.9,3.3,8,2.4,0.6,0.2,0.8,76.3,23.7,0.09,6.5,2.5,9
Jaden McDaniels,MIN,24,82,2615.8,31.9,0.4,1,2.7,0.4,0.3,0.7,60,40,0.01,3.5,2.4,5.9
Kawhi Leonard,LAC,33,37,1180.3,31.9,0.2,0.4,3.1,0.3,0.5,0.8,41.4,58.6,0,1.5,2,3.5
Brook Lopez,MIL,37,80,2544,31.8,2.7,6.3,1.5,0.1,0.1,0.2,44.4,55.6,0,11.3,2.3,13.6
Dillon Brooks,HOU,29,75,2385,31.8,0.7,1.5,1.9,0.1,0.2,0.3,42.9,57.1,0.05,2,1.7,3.7
Miles Bridges,CHA,27,64,2028.8,31.7,0.6,1.3,1.4,0.3,0.2,0.5,56.3,43.8,0.03,3.6,2.7,6.3
Rui Hachimura,LAL,27,59,1870.3,31.7,0.5,1.2,1.7,0.2,0.2,0.4,50,50,0.02,2.9,2,4.9
Cameron Johnson,BKN,29,57,1801.2,31.6,0.5,1.1,1.8,0.3,0.3,0.6,52.9,47.1,0.05,2,2.2,4.2
Donovan Mitchell,CLE,28,70,2212,31.6,0.2,0.4,2.4,0.4,0.4,0.8,50.9,49.1,0.04,1.1,1.6,2.7
Malik Monk,SAC,27,65,2054,31.6,0.5,1.1,1.7,0.3,0.3,0.7,52.4,47.6,0.03,1.8,2.1,3.9
Tobias Harris,DET,32,73,2306.8,31.6,0.9,2.2,1.6,0.2,0.3,0.5,43.2,56.8,0,2.6,2.3,4.9
Keyonte George,UTA,21,67,2110.5,31.5,0.4,0.9,1.2,0.2,0.3,0.5,40.6,59.4,0.07,1.1,1.7,2.8
Lauri Markkanen,UTA,28,47,1475.8,31.4,1.2,3.1,1.6,0.4,0.1,0.5,76,24,0,3.4,1.7,5.1
Shaedon Sharpe,POR,22,72,2253.6,31.3,0.1,0.3,1.2,0.2,0.3,0.5,44.4,55.6,0.03,1.3,1.7,3
Nikola Vu?evi?,CHI,34,73,2277.6,31.2,3,6.6,1.6,0.1,0.2,0.3,45.8,54.2,0,5.6,2.8,8.4
Cam Thomas,BKN,23,24,746.4,31.1,0.3,0.7,0.9,0.3,0.2,0.5,58.3,41.7,0,2.2,1.7,3.9
Devin Vassell,SAS,24,64,1984,31,0.1,0.2,2.3,0.3,0.4,0.6,43.9,56.1,0,1.9,1.4,3.3
Darius Garland,CLE,25,74,2286.6,30.9,0.2,0.5,1.9,0.3,0.2,0.5,64.1,35.9,0.04,1.2,1.3,2.5
Andrew Wiggins,MIA,30,60,1842,30.7,0.3,0.7,1.5,0.3,0.3,0.6,55.6,44.4,0,3.2,3.3,6.5
Jrue Holiday,BOS,34,62,1897.2,30.6,0.7,1.7,2.1,0.3,0.4,0.7,47.8,52.2,0.02,1.6,1.9,3.5
Evan Mobley,CLE,23,71,2165.5,30.5,2.3,5.5,1.7,0.5,0.3,0.8,61.4,38.6,0,7.2,3.3,10.5
John Collins,UTA,27,40,1220,30.5,1.5,3.8,1.6,0.5,0.2,0.7,66.7,33.3,0.05,3,2.5,5.5
Ja Morant,MEM,25,50,1520,30.4,0.1,0.2,2.3,0.2,0.4,0.6,37.9,62.1,0.1,1,1,2
Ayo Dosunmu,CHI,25,46,1393.8,30.3,0.3,0.8,1.5,0.3,0.4,0.7,41.9,58.1,0,2.4,1.8,4.2
Josh Giddey,CHI,22,69,2090.7,30.3,0.4,0.9,2.2,0.4,0.3,0.8,54.7,45.3,0,2.6,2.7,5.3
Jaren Jackson Jr.,MEM,25,73,2204.6,30.2,0.7,1.6,2.8,0.4,0.4,0.8,49.2,50.8,0,5.8,2.3,8.1
Joel Embiid,PHI,31,19,573.8,30.2,2.6,6.4,1.5,0.5,0.2,0.6,75,25,0,5.2,2.8,8
Myles Turner,IND,29,72,2174.4,30.2,2.8,6.7,1.4,0.1,0.2,0.3,45.8,54.2,0,6.8,1.9,8.7
Deandre Ayton,POR,26,40,1204,30.1,4.1,9.5,1.4,0.4,0,0.4,93.8,6.3,0,5.2,2.6,7.8
Jabari Smith Jr.,HOU,22,57,1715.7,30.1,0.6,1.4,1.3,0.3,0.2,0.5,55.6,44.4,0,3.4,1.9,5.3
Kyle Kuzma,MIL,29,64,1926.4,30.1,0.2,0.5,0.9,0.1,0.1,0.2,40,60,0.14,2.6,2.1,4.7
Bub Carrington,WAS,19,81,2430,30,0.3,0.8,1.3,0.2,0.3,0.5,43.6,56.4,0.02,1.7,1.7,3.4
Deni Avdija,POR,24,72,2160,30,0.3,0.6,1.7,0.4,0.3,0.6,57.8,42.2,0,3.4,2,5.4
Walker Kessler,UTA,23,58,1740,30,2.9,6.9,1.6,0.5,0.2,0.7,75,25,0,9.1,3.8,12.9
Bennedict Mathurin,IND,22,72,2152.8,29.9,0.2,0.4,1.3,0.3,0.3,0.7,46.8,53.2,0,1.4,1.7,3.1
Grant Williams,CHA,26,16,478.4,29.9,2.4,6.3,1.6,0.3,0.4,0.7,36.4,63.6,0.31,5.1,2.6,7.7
Jaden Ivey,DET,23,30,897,29.9,0.4,0.9,1.6,0.7,0.2,0.9,77.8,22.2,0,1.8,1.5,3.3
Jordan Poole,WAS,25,66,1966.8,29.8,0.5,1.1,1.7,0.3,0.3,0.6,47.5,52.5,0,0.9,2,2.9
Kentavious Caldwell-Pope,ORL,32,76,2257.2,29.7,0.6,1.3,2.1,0.2,0.4,0.6,38.6,61.4,0.04,1.3,1,2.3
Jakob Poeltl,TOR,29,57,1687.2,29.6,3.9,8.6,2.7,0.3,0.3,0.6,51.4,48.6,0.02,6.6,2.4,9
Gradey Dick,TOR,21,54,1587.6,29.4,0.3,0.7,2,0.3,0.3,0.6,48.5,51.5,0.11,0.8,1.1,1.9
Draymond Green,GSW,35,68,1985.6,29.2,1.8,4.8,2.6,0.3,0.3,0.7,48.9,51.1,0.21,5.5,3.6,9.1
Luguentz Dort,OKC,26,71,2073.2,29.2,0.8,1.7,2.3,0.3,0.4,0.7,40.8,59.2,0.08,1.4,2.1,3.5
Andrew Nembhard,IND,25,65,1878.5,28.9,0.3,0.7,2,0.2,0.3,0.5,37.5,62.5,0.09,1.9,1.5,3.4
Dorian Finney-Smith,LAL,32,63,1820.7,28.9,1,2.5,1.6,0.2,0.3,0.4,39.3,60.7,0.02,2.9,1.6,4.5
Kristaps Porziņģis,BOS,29,42,1209.6,28.8,2,4.9,1.6,0.2,0.3,0.5,45,55,0,7.5,3.1,10.6
Jalen Suggs,ORL,24,35,1001,28.6,0.3,0.7,3,0.3,0.5,0.8,33.3,66.7,0.17,2,1.3,3.3
Payton Pritchard,BOS,27,79,2259.4,28.6,0.3,0.8,1.4,0.4,0.3,0.8,55,45,0.03,1,0.8,1.8
Zion Williamson,NOP,24,30,858,28.6,0.9,2,2.6,0.7,0.4,1.1,65.6,34.4,0,1.7,2.5,4.2
Aaron Gordon,DEN,29,51,1448.4,28.4,0.8,1.8,0.9,0.2,0.2,0.4,55,45,0,2.3,1,3.3
Jared McCain,PHI,21,20,566,28.3,0.1,0.3,1.4,0.3,0.3,0.6,54.5,45.5,0,1.1,1.4,2.5
Jarrett Allen,CLE,27,81,2292.3,28.3,3.9,9,1.8,0.3,0.3,0.6,52.1,47.9,0.01,7.6,1.9,9.5
Drew Timme,BKN,24,9,253.8,28.2,1.2,3,1.2,0.1,0.2,0.3,33.3,66.7,0.22,3.4,2.4,5.8
Tim Hardaway Jr.,DET,33,76,2143.2,28.2,0.9,2,0.8,0.2,0.2,0.4,43.8,56.3,0.24,1.5,1.8,3.3
Davion Mitchell,MIA,26,71,1995.1,28.1,0.3,0.8,1.9,0.2,0.4,0.6,32.5,67.5,0.14,0.8,1.6,2.4
Dennis Schr�der,DET,31,75,2107.5,28.1,0.2,0.5,1.8,0.3,0.4,0.7,48.1,51.9,0.11,1.4,1.4,2.8
Max Christie,DAL,22,75,2107.5,28.1,0.5,1,1.2,0.1,0.2,0.3,28.6,71.4,0,3.5,1.8,5.3
AJ Johnson,WAS,20,22,616,28,0.1,0.2,1.1,0.2,0.2,0.4,44.4,55.6,0,2,1.6,3.6
Chris Paul,SAS,40,82,2296,28,0.6,1.4,2.4,0.2,0.6,0.8,28.1,71.9,0,0.5,1.1,1.6
Naji Marshall,DAL,27,68,1904,28,0.3,0.8,1.8,0.3,0.3,0.6,47.6,52.4,0.01,1.9,1.6,3.5
P.J. Tucker,NYK,40,2,56,28,1.5,4.5,1.5,0,0,0,0,0,0,1.5,3,4.5
Collin Sexton,UTA,26,62,1729.8,27.9,0.5,1.3,1.6,0.2,0.3,0.5,46.7,53.3,0,0.8,0.9,1.7
Isaiah Hartenstein,OKC,27,57,1590.3,27.9,4.3,9.6,2.3,0.3,0.3,0.5,46.7,53.3,0,6,2.5,8.5
Malik Beasley,DET,28,80,2232,27.9,0.3,0.7,1.6,0.1,0.2,0.3,43.5,56.5,0,0.9,1.2,2.1
Onyeka Okongwu,ATL,24,74,2064.6,27.9,2.4,5.7,1.9,0.3,0.3,0.6,50,50,0,5.2,1.8,7
Russell Westbrook,DEN,36,75,2092.5,27.9,0.3,0.8,2.5,0.3,0.3,0.7,46.9,53.1,0.04,1.1,1.2,2.3
Immanuel Quickley,TOR,25,32,889.6,27.8,0.3,0.8,1.5,0,0.3,0.3,9.1,90.9,0,1.5,1.6,3.1
Josh Green,CHA,24,68,1890.4,27.8,0.6,1.3,1.9,0.3,0.3,0.6,45.2,54.8,0,1.6,1.3,2.9
Spencer Dinwiddie,DAL,32,76,2105.2,27.7,0.4,0.9,1.2,0.2,0.2,0.4,44.8,55.2,0,1.5,1.6,3.1
Al Horford,BOS,39,60,1656,27.6,1.6,4.2,1.3,0.2,0.1,0.3,60,40,0,4,3.1,7.1
Cason Wallace,OKC,21,68,1876.8,27.6,0.8,1.8,3.6,0.4,0.5,0.9,46.8,53.2,0,1.8,2.9,4.7
Caleb Martin,DAL,29,44,1210,27.5,0.5,1.1,1.9,0.3,0.4,0.6,42.9,57.1,0.09,1.9,1.6,3.5
Naz Reid,MIN,25,80,2200,27.5,1.1,2.7,1.6,0.2,0.3,0.5,40.5,59.5,0.05,3.7,2.5,6.2
Chet Holmgren,OKC,23,32,876.8,27.4,1.5,3.3,0.9,0.2,0.4,0.6,33.3,66.7,0,7.4,2.7,10.1
Harrison Barnes,SAS,33,81,2211.3,27.3,0.6,1.4,1,0.2,0.2,0.4,54.3,45.7,0.01,2.1,1.9,4
Klay Thompson,DAL,35,72,1965.6,27.3,0.4,0.9,1.2,0.1,0.3,0.4,34.5,65.5,0,1.7,1.3,3
Brandin Podziemski,GSW,22,63,1713.6,27.2,0.6,1.5,2.1,0.3,0.4,0.7,37.8,62.2,0.32,1.4,1.3,2.7
De'Andre Hunter,CLE,27,64,1740.8,27.2,0.4,1,1.4,0.2,0.3,0.5,44.8,55.2,0,1.7,2.3,4
Ochai Agbaji,TOR,25,64,1740.8,27.2,0.4,0.9,2.1,0.2,0.2,0.4,42.3,57.7,0,3,2.3,5.3
Alex Sarr,WAS,20,67,1815.7,27.1,3.9,9,1.5,0.3,0.3,0.6,55.3,44.7,0,6.9,2.3,9.2
Guerschon Yabusele,PHI,29,70,1897,27.1,2.4,5.7,1.9,0.2,0.3,0.5,36.8,63.2,0.11,2.5,1.2,3.7
Killian Hayes,BKN,23,6,162.6,27.1,0.2,0.3,2.2,0.2,0.2,0.3,50,50,0.33,3,1.3,4.3
Taurean Prince,MIL,31,80,2168,27.1,0.1,0.3,2,0.1,0.1,0.3,47.8,52.2,0.05,1.2,1.2,2.4
Nic Claxton,BKN,26,70,1883,26.9,3,7,1.7,0.2,0.2,0.4,56.7,43.3,0.03,5,2.1,7.1
Quentin Grimes,PHI,25,74,1990.6,26.9,0.2,0.5,1.7,0.3,0.4,0.7,40.7,59.3,0.03,1.6,1.6,3.2
Stephon Castle,SAS,20,80,2152,26.9,0.3,0.8,1.8,0.4,0.3,0.7,53.7,46.3,0,2.1,1.8,3.9
Justin Edwards,PHI,21,43,1152.4,26.8,0.3,0.6,2.3,0.3,0.2,0.5,52.4,47.6,0.02,1.6,1.5,3.1
Keion Brooks Jr.,NOP,24,12,321.6,26.8,0.2,0.4,1.6,0.1,0.3,0.3,25,75,0,2.7,1.8,4.5
Tyus Jones,PHX,29,79,2117.2,26.8,0.4,0.8,1.5,0.2,0.1,0.4,60,40,0,0.6,1.3,1.9
Yves Missi,NOP,21,73,1956.4,26.8,3.5,7.9,1.1,0.4,0.2,0.6,65.9,34.1,0,5.8,2.6,8.4
Scoot Henderson,POR,21,66,1762.2,26.7,0.1,0.3,2.7,0.4,0.3,0.8,58,42,0,1.1,1.6,2.7
Terry Rozier,MIA,31,60,1602,26.7,0.3,0.8,1.1,0.4,0.2,0.6,61.1,38.9,0.03,1,1.8,2.8
Mark Williams,CHA,23,44,1170.4,26.6,3,7,1.4,0.4,0.2,0.6,63,37,0,5.9,4,9.9
Kyshawn George,WAS,21,68,1802,26.5,0.3,0.7,2.1,0.3,0.4,0.7,38.3,61.7,0.01,3.7,3.1,6.8
Corey Kispert,WAS,26,60,1584,26.4,0.5,1.2,1,0.2,0.2,0.4,56,44,0,1.8,1.5,3.3
Isaiah Collier,UTA,20,69,1814.7,26.3,0.4,0.9,1.6,0.2,0.3,0.5,31.4,68.6,0.06,0.9,1.9,2.8
Lonnie Walker IV,PHI,26,18,471.6,26.2,0.1,0.2,1.2,0.1,0.2,0.3,33.3,66.7,0,1.3,1.8,3.1
Jalen Duren,DET,21,78,2035.8,26.1,3.6,8.5,1.4,0.1,0.2,0.4,42.9,57.1,0,5.8,2.2,8
Jaylen Wells,MEM,21,77,2009.7,26.1,0.2,0.4,0.9,0.3,0.2,0.5,57.1,42.9,0.05,1.9,1.6,3.5
Jordan Clarkson,UTA,33,37,962,26,0.5,1.3,1.4,0.5,0.2,0.7,75,25,0,1,1.2,2.2
Donte DiVincenzo,MIN,28,62,1605.8,25.9,0.3,1,2.5,0.2,0.4,0.6,33.3,66.7,0.03,1.3,1.4,2.7
Wendell Carter Jr.,ORL,26,68,1761.2,25.9,2.2,4.9,1.3,0.3,0.2,0.5,59.4,40.6,0.03,4.2,1.8,6
Gary Trent Jr.,MIL,26,73,1868.8,25.6,0.1,0.3,2.2,0.1,0.2,0.3,36.8,63.2,0,0.5,1,1.5
Jalen Wilson,BKN,24,77,1971.2,25.6,0.3,0.7,0.8,0.2,0.2,0.4,48.5,51.5,0,1.5,1.4,2.9
D'Angelo Russell,BKN,29,57,1453.5,25.5,0.5,1,2.2,0.1,0.2,0.3,47.1,52.9,0.02,1.3,1.5,2.8
Max Strus,CLE,29,50,1275,25.5,0.7,1.7,0.9,0.4,0.3,0.7,61.8,38.2,0.08,1.7,1.6,3.3
Santi Aldama,MEM,24,65,1657.5,25.5,0.3,0.7,1.3,0.2,0.2,0.5,48.3,51.7,0.02,2.9,1.9,4.8
Bobby Portis,MIL,30,49,1244.6,25.4,1.4,3.4,1.6,0.2,0.2,0.4,55,45,0,3.7,2.6,6.3
Nickeil Alexander-Walker,MIN,26,81,2057.4,25.4,0.3,0.7,2.1,0.1,0.4,0.5,27.5,72.5,0.04,1.6,0.6,2.2
Jeremy Sochan,SAS,22,54,1366.2,25.3,2,4.6,1.6,0.2,0.3,0.5,44.8,55.2,0,3.4,1.9,5.3
Marcus Bagley,PHI,23,10,253,25.3,0.6,1.5,2.3,0.2,0.3,0.5,40,60,0.1,2.5,1.6,4.1
Nikola Jovi?,MIA,22,46,1154.6,25.1,0.5,1.4,1.3,0.3,0.1,0.4,63.2,36.8,0,3,1.9,4.9
Bogdan Bogdanović,LAC,32,54,1350,25,0.5,1.2,1.9,0.1,0.3,0.4,25,75,0,1.7,2.2,3.9
Patrick Williams,CHI,23,63,1575,25,0.6,1.6,1.7,0.2,0.2,0.4,48,52,0,2.2,1.9,4.1
Aaron Nesmith,IND,25,45,1120.5,24.9,0.3,0.7,1.3,0.3,0.2,0.5,61.9,38.1,0.16,2.9,2.2,5.1
Caris LeVert,ATL,30,64,1593.6,24.9,0.1,0.3,2.3,0.3,0.3,0.6,52.6,47.4,0,1.9,1.7,3.6
Keon Ellis,SAC,25,78,1942.2,24.9,0.5,1.2,3.6,0.3,0.3,0.5,47.6,52.4,0.01,1.4,1.9,3.3
Miles McBride,NYK,24,64,1593.6,24.9,0.3,0.8,2,0.1,0.4,0.6,25,75,0.03,2,1.3,3.3
Nick Smith Jr.,CHA,21,49,1220.1,24.9,0.4,0.9,0.6,0.2,0.2,0.4,52.4,47.6,0.02,1,1.2,2.2
Tari Eason,HOU,24,57,1419.3,24.9,0.1,0.3,2.5,0.4,0.5,1,43.6,56.4,0,3,1.9,4.9
Royce O'Neale,PHX,32,73,1810.4,24.8,0.5,1.1,1.5,0.2,0.3,0.5,41.2,58.8,0,1.3,1.1,2.4
Taylor Hendricks,UTA,21,3,74.4,24.8,0,0,2.7,0,0.7,0.7,0,100,0,2,1.3,3.3
Damion Baugh,CHA,24,15,370.5,24.7,0.3,0.7,2.4,0.1,0.3,0.4,33.3,66.7,0,1.7,1.7,3.4
Jaylen Martin,WAS,21,9,222.3,24.7,0.1,0.2,1.3,0.1,0,0.1,100,0,0,2.7,1.8,4.5
Mike Conley,MIN,37,71,1753.7,24.7,0.2,0.6,2,0.1,0.3,0.4,34.5,65.5,0.1,1,1.2,2.2
Ziaire Williams,BKN,23,62,1531.4,24.7,0.3,0.7,2.7,0.2,0.2,0.4,60,40,0,1.7,2,3.7
Haywood Highsmith,MIA,28,74,1820.4,24.6,0.5,1.3,2.3,0.2,0.2,0.4,51.6,48.4,0,2.6,2.4,5
Zaccharie Risacher,ATL,20,75,1845,24.6,0.3,0.8,1.6,0.2,0.2,0.4,50,50,0,2.9,2.1,5
Tre Mann,CHA,24,13,318.5,24.5,0.3,0.8,1.2,0.5,0.1,0.5,85.7,14.3,0,1.5,1.4,2.9
Amir Coffey,LAC,27,68,1659.2,24.4,0.4,0.8,1.1,0.1,0.2,0.3,42.9,57.1,0.04,1.2,1.2,2.4
Duncan Robinson,MIA,31,72,1756.8,24.4,0.7,1.6,1.4,0.1,0.2,0.3,31.6,68.4,0.11,1.5,1.3,2.8
Keon Johnson,BKN,23,79,1927.6,24.4,0.3,0.6,1.8,0.3,0.3,0.6,44.9,55.1,0.09,1.9,1.4,3.3
Chuma Okeke,CLE,26,8,194.4,24.3,0.1,0.3,1.8,0.3,0.4,0.6,40,60,0,2.3,2,4.3
Derrick Jones Jr.,LAC,28,77,1871.1,24.3,0.7,1.8,1.8,0.3,0.2,0.5,56.1,43.9,0,1.7,1.4,3.1
Grayson Allen,PHX,29,63,1530.9,24.3,0.3,0.7,1.4,0.3,0.3,0.6,45.9,54.1,0.02,1.5,1.5,2.9
Jonathan Kuminga,GSW,22,47,1142.1,24.3,0.4,1,1.6,0.3,0.3,0.6,57.1,42.9,0.04,2.1,1.5,3.6
Jose Alvarado,NOP,27,55,1336.5,24.3,0.2,0.6,2.6,0.3,0.3,0.7,47.2,52.8,0.05,0.4,1,1.4
Kevin Huerter,CHI,26,69,1676.7,24.3,0.5,1.1,2.1,0.1,0.3,0.3,18.2,81.8,0,2.1,1.6,3.7
Peyton Watson,DEN,22,68,1652.4,24.3,0.6,1.4,1.4,0.2,0.3,0.5,40,60,0.01,3.7,1.8,5.4
Anthony Black,ORL,21,78,1887.6,24.2,0.3,0.6,2.4,0.2,0.3,0.5,47.4,52.6,0.03,2.3,1.6,3.9
Brandon Boston,NOP,23,41,988.1,24.1,0.3,0.7,2.1,0.1,0.2,0.3,28.6,71.4,0.02,1.2,1.3,2.5
Kris Dunn,LAC,31,74,1783.4,24.1,0.7,1.7,3.2,0.3,0.5,0.8,38.1,61.9,0,1.4,1.7,3.1
Jared Rhoden,TOR,25,9,216,24,0.3,0.9,1.8,0,0,0,0,0,0,1.9,1.9,3.8
Keldon Johnson,SAS,25,77,1840.3,23.9,0.3,0.7,1.2,0.2,0.3,0.5,45,55,0,1.9,1.3,3.3
Jordan Hawkins,NOP,23,55,1309,23.8,0.2,0.5,1,0.1,0.2,0.3,42.1,57.9,0.02,1.6,2,3.7
Oshae Brissett,PHI,26,6,142.2,23.7,1.3,3,2.3,0,0.2,0.2,0,100,0.33,1.8,2.3,4.2
Tosan Evbuomwan,BKN,24,28,663.6,23.7,0.3,0.7,1.8,0.2,0.2,0.4,50,50,0.07,2.9,1.5,4.4
Julian Champagnie,SAS,23,82,1935.2,23.6,0.3,0.8,1.4,0.2,0.2,0.3,51.9,48.1,0,1.9,1.8,3.8
Jaylen Nowell,NOP,25,7,164.5,23.5,0.3,0.7,1.3,0.3,0,0.3,100,0,0,1.9,0.7,2.6
Malcolm Brogdon,WAS,32,24,564,23.5,0.3,0.7,1.2,0.2,0.2,0.4,50,50,0,1,1.7,2.6
DaQuan Jeffries,CHA,27,45,1053,23.4,0.2,0.6,1.4,0.2,0.2,0.4,47.1,52.9,0,2.1,2.2,4.3
KJ Simpson,CHA,22,36,842.4,23.4,0.5,1.1,1.9,0.3,0.2,0.5,66.7,33.3,0.03,1.2,1.4,2.5
Justin Champagnie,WAS,23,57,1322.4,23.2,0.1,0.3,1.9,0.2,0.3,0.4,40,60,0,2.5,1.9,4.4
Dereck Lively II,DAL,21,36,831.6,23.1,2.7,6.4,1.6,0.3,0,0.4,92.3,7.7,0,7.1,2.1,9.2
AJ Green,MIL,25,72,1656,23,0.4,0.9,1,0.1,0.3,0.4,36.7,63.3,0.07,1.8,1.5,3.3
Luke Kennard,MEM,28,63,1449,23,0.3,0.8,1.4,0.2,0.1,0.3,52.6,47.4,0,0.8,1,1.8
Aaron Wiggins,OKC,26,76,1740.4,22.9,0.4,0.8,1.8,0.3,0.3,0.5,51.3,48.7,0.01,2.3,2.2,4.5
Kel'el Ware,MIA,21,62,1419.8,22.9,2.1,4.7,1.1,0.2,0.1,0.3,55.6,44.4,0,4.3,1.3,5.6
Moses Moody,GSW,23,71,1625.9,22.9,0.3,0.7,2.6,0.3,0.2,0.5,55.3,44.7,0.06,1.9,1.3,3.2
Khris Middleton,WAS,33,37,843.6,22.8,0.2,0.6,1.6,0.3,0.2,0.5,66.7,33.3,0.16,1.1,1.6,2.7
Buddy Hield,GSW,32,82,1861.4,22.7,0.2,0.5,1.8,0.2,0.2,0.4,50,50,0,2,1.6,3.6
Noah Clowney,BKN,20,46,1044.2,22.7,0.6,1.5,1.3,0.1,0.2,0.3,33.3,66.7,0.13,2.7,2.2,4.9
Tyrese Martin,BKN,26,58,1310.8,22.6,0.2,0.5,1.1,0.2,0.3,0.5,42.3,57.7,0,1.5,1.7,3.1
Ausar Thompson,DET,22,59,1327.5,22.5,0.7,1.6,3.6,0.4,0.5,0.8,44.9,55.1,0.02,1.9,1.9,3.8
Bruce Brown,NOP,28,41,922.5,22.5,0.5,1.2,1.8,0.2,0.2,0.4,56.3,43.8,0,0.9,1.3,2.2
Cody Martin,PHX,29,52,1170,22.5,0.5,1.4,2.1,0.4,0.5,0.9,41.7,58.3,0.1,1.6,1.3,2.9
Tolu Smith,DET,24,1,22.4,22.4,4,11,0,0,0,0,0,0,0,5,3,8
Lonzo Ball,CHI,27,35,777,22.2,0.3,0.8,2.4,0.3,0.3,0.6,45,55,0,1.8,1.5,3.3
Ben Simmons,LAC,28,50,1105,22.1,1.7,3.9,2,0.3,0.1,0.4,70,30,0.08,1.5,1.5,3
KJ Martin,UTA,24,41,906.1,22.1,0.7,1.6,0.9,0.2,0.2,0.4,52.9,47.1,0,2.3,1.9,4.2
Nick Richards,PHX,27,57,1254,22,3.3,7.6,0.7,0.2,0.2,0.4,56.5,43.5,0.05,5.6,1.8,7.3
Tristan da Silva,ORL,24,74,1628,22,0.3,0.7,1,0.3,0.1,0.4,71.4,28.6,0,2.1,1.2,3.3
Ja'Kobe Walter,TOR,20,50,1095,21.9,0.4,0.8,1.8,0.2,0.3,0.5,42.3,57.7,0.08,1,1.6,2.6
Sam Hauser,BOS,27,70,1533,21.9,0.4,1.1,1.4,0.2,0.2,0.4,58.6,41.4,0.01,2.1,1.1,3.2
Isaiah Joe,OKC,25,74,1605.8,21.7,0.5,1,1.4,0.2,0.4,0.5,30.8,69.2,0.23,1.1,1.4,2.6
Zach Edey,MEM,23,65,1410.5,21.7,2.4,5.3,0.7,0.4,0.2,0.6,65,35,0,5.8,1.9,7.7
Georges Niang,ATL,31,78,1684.8,21.6,1,2.4,0.9,0.2,0.1,0.4,60.7,39.3,0.04,1.6,1.3,2.8
Tyson Etienne,BKN,25,7,151.2,21.6,0,0,1.7,0,0.1,0.1,0,100,0,0.4,1,1.4
Daniel Gafford,DAL,26,57,1225.5,21.5,2.6,5.9,1.4,0.4,0.2,0.6,68.8,31.3,0.02,6.3,2,8.3
Dean Wade,CLE,28,58,1247,21.5,0.8,1.9,1.8,0.2,0.2,0.4,40.9,59.1,0,3.2,1.1,4.3
Clint Capela,ATL,31,55,1177,21.4,2.2,5.1,1.1,0.4,0.1,0.5,72.4,27.6,0.16,4.3,1.6,6
Kyle Filipowski,UTA,21,71,1519.4,21.4,1.4,3.2,1.5,0.3,0.1,0.4,74.1,25.9,0.01,3.3,1.9,5.2
Vasilije Micić,PHX,31,29,620.6,21.4,0.2,0.7,0.9,0.1,0.3,0.4,27.3,72.7,0.03,0.5,0.5,0.9
Cody Williams,UTA,20,49,1043.7,21.3,0.5,1.3,1,0.1,0.1,0.2,58.3,41.7,0,1.9,1.6,3.5
Julian Strawther,DEN,23,65,1384.5,21.3,0.4,1,1.3,0.1,0.3,0.3,26.1,73.9,0,2,1.6,3.6
Scotty Pippen Jr.,MEM,24,79,1682.7,21.3,0.1,0.4,2.7,0.3,0.4,0.7,43.6,56.4,0.06,0.9,1.3,2.2
Elfrid Payton,NOP,31,23,487.6,21.2,0.2,0.6,1.8,0.1,0.1,0.2,50,50,0,1.2,0.7,1.9
Gabe Vincent,LAL,28,72,1526.4,21.2,0.3,0.6,1.4,0.2,0.3,0.4,40,60,0.17,1.7,1.2,2.9
Trendon Watford,BKN,24,43,911.6,21.2,0.3,0.9,1.5,0.3,0.2,0.5,59.1,40.9,0.07,2,1.8,3.8
Terance Mann,ATL,28,67,1413.7,21.1,0.5,1.2,1.7,0.1,0.2,0.3,36.8,63.2,0,1.4,1.2,2.6
Jaime Jaquez Jr.,MIA,24,65,1365,21,0.3,0.6,1.7,0.2,0.3,0.6,40.5,59.5,0,1.8,1.4,3.1
Jalen Hood-Schifino,PHI,21,15,315,21,0.3,0.7,1.1,0.1,0.1,0.3,50,50,0,1.1,1,2.1
Vit Krejci,ATL,24,54,1134,21,0.1,0.4,1.1,0.2,0.2,0.4,57.1,42.9,0.02,2.5,1.5,4
Jusuf Nurkić,CHA,30,51,1060.8,20.8,3.4,7.9,1.9,0.4,0.3,0.8,56.4,43.6,0,4.5,1.7,6.2
Matisse Thybulle,POR,28,15,312,20.8,0.5,1.1,4,0,0.4,0.4,0,100,0,0.5,1,1.5
Precious Achiuwa,NYK,25,56,1164.8,20.8,2,4.6,1.4,0.3,0.2,0.5,60,40,0,3.8,2,5.8
Svi Mykhailiuk,UTA,28,36,748.8,20.8,0.3,0.8,1.6,0.3,0.1,0.4,66.7,33.3,0,1.3,1.1,2.4
Jonathan Mogbo,TOR,23,62,1283.4,20.7,0.9,2.1,2.5,0.2,0.2,0.4,57.7,42.3,0,2.4,1.6,4
Tidjane Sala�n,CHA,19,60,1242,20.7,0.5,1.1,1.2,0.1,0.2,0.3,30,70,0.07,1.4,1.2,2.6
Jake LaRavia,SAC,23,64,1318.4,20.6,0.2,0.5,2.2,0.3,0.4,0.7,39.5,60.5,0,1.4,1.6,3
Brice Sensabaugh,UTA,21,68,1387.2,20.4,0.2,0.4,1.2,0.1,0.3,0.4,37,63,0.01,1.1,1.3,2.4
Dalton Knecht,LAL,24,71,1448.4,20.4,0.2,0.3,0.5,0.1,0.2,0.3,22.2,77.8,0,1.3,1.4,2.7
Goga Bitadze,ORL,25,70,1428,20.4,2.4,5.3,1.7,0.2,0.2,0.4,48.1,51.9,0,4.4,2,6.4
Eric Gordon,PHI,36,37,751.1,20.3,0.3,0.8,1.4,0.1,0.1,0.3,50,50,0,0.7,1,1.7
Jamal Shead,TOR,22,70,1421,20.3,0.1,0.3,1.7,0.1,0.2,0.4,32,68,0.11,0.7,1,1.7
Kelly Olynyk,NOP,34,44,893.2,20.3,1.1,2.6,2.2,0.2,0.1,0.3,69.2,30.8,0.09,2.8,1.6,4.4
A.J. Lawson,TOR,24,24,484.8,20.2,0.3,0.8,1.1,0.1,0.2,0.3,28.6,71.4,0,1.2,0.9,2
De'Anthony Melton,BKN,27,6,121.2,20.2,0.3,0.7,2.5,0.3,0.2,0.5,66.7,33.3,0,0.5,0.7,1.2
Matas Buzelis,CHI,20,74,1487.4,20.1,0.4,0.9,0.8,0.2,0.2,0.3,53.8,46.2,0.01,3.2,1.9,5.1
Tre Jones,CHI,25,43,864.3,20.1,0.1,0.3,1.5,0.2,0.2,0.3,50,50,0.07,0.8,0.7,1.6
Marcus Smart,WAS,31,34,680,20,0.2,0.6,2.3,0.3,0.3,0.7,47.8,52.2,0.15,1,1.3,2.3
Isaiah Stewart,DET,24,72,1432.8,19.9,2.8,7,0.7,0.2,0.2,0.4,51.9,48.1,0,6.7,2,8.7
Kessler Edwards,DAL,24,30,597,19.9,1.4,3.2,1.2,0.1,0.2,0.2,28.6,71.4,0,3.6,1.4,5
Ty Jerome,CLE,27,70,1393,19.9,0.3,0.6,2.3,0.1,0.2,0.4,36,64,0,0.8,1.2,2
Donovan Clingan,POR,21,67,1326.6,19.8,2.7,6.4,1.1,0.1,0.1,0.2,56.3,43.8,0,7.3,2.5,9.7
Johnny Juzang,UTA,24,64,1267.2,19.8,0.3,0.8,1.1,0.3,0.1,0.4,69.6,30.4,0.03,2.1,1.4,3.4
Larry Nance Jr.,ATL,32,23,455.4,19.8,1.2,2.9,2.2,0.3,0.1,0.4,66.7,33.3,0.3,2.1,1.5,3.6
Marcus Garrett,CHA,26,4,79.2,19.8,0,0,2,0,0,0,0,0,0,1,0.5,1.5
Sam Merrill,CLE,29,71,1398.7,19.7,0.4,1,1.4,0.1,0.1,0.3,47.4,52.6,0.13,1.8,0.8,2.6
Alex Caruso,OKC,31,53,1038.8,19.6,0.6,1.4,3.5,0.2,0.3,0.5,38.5,61.5,0.15,1.4,1.7,3.1
Cole Anthony,ORL,25,61,1195.6,19.6,0.3,0.6,1.5,0.3,0.3,0.6,57.1,42.9,0.05,1.5,1,2.5
Kevin Porter Jr.,MIL,25,74,1450.4,19.6,0.1,0.3,1.8,0.2,0.3,0.5,35.1,64.9,0,1.4,1.3,2.7
Obi Toppin,IND,27,79,1548.4,19.6,0.8,1.8,1.1,0.1,0.1,0.3,50,50,0,1.7,1.4,3.1
Trey Lyles,SAC,29,69,1352.4,19.6,0.9,2.1,1.1,0.2,0.2,0.4,53.6,46.4,0.14,2.3,1.7,4
Bismack Biyombo,SAS,32,27,526.5,19.5,3.4,7.7,1.1,0.1,0.4,0.5,15.4,84.6,0,4.9,0.7,5.7
Javonte Green,CLE,31,63,1228.5,19.5,0.5,1.2,2.6,0.3,0.2,0.5,54.8,45.2,0.02,1.4,1.2,2.6
Jaxson Hayes,LAL,25,56,1092,19.5,2.2,5.4,1.4,0.3,0.2,0.5,59.3,40.7,0.02,4.2,1.7,5.9
Jeff Dowtin Jr.,PHI,28,28,546,19.5,0.1,0.4,1.6,0,0.3,0.3,12.5,87.5,0,1.1,0.8,1.9
Ryan Dunn,PHX,22,71,1384.5,19.5,0.3,0.7,1.4,0.3,0.1,0.4,66.7,33.3,0,2.4,2,4.5
Ben Sheppard,IND,23,62,1202.8,19.4,0.1,0.2,1.2,0.2,0.2,0.5,48.3,51.7,0,1.5,1.1,2.6
Isaac Okoro,CLE,24,54,1047.6,19.4,0.7,1.8,0.9,0.2,0.2,0.5,50,50,0.04,1.8,1.5,3.3
Moritz Wagner,ORL,28,29,562.6,19.4,1.9,4.2,2.5,0.2,0.1,0.4,63.6,36.4,0.17,2.1,1.1,3.2
Dru Smith,MIA,27,14,268.8,19.2,0.2,0.6,3.3,0.3,0.4,0.7,40,60,0.29,1.7,1.4,3.1
Jared Butler,PHI,24,52,998.4,19.2,0,0.1,1.7,0.1,0.3,0.4,38.1,61.9,0.04,1.1,1.5,2.6
Garrison Mathews,ATL,28,42,802.2,19.1,0.2,0.4,1.1,0.2,0.1,0.3,66.7,33.3,0.24,1.6,1.4,3
Kyle Lowry,PHI,39,34,649.4,19.1,0.5,1.2,1.9,0.1,0.3,0.4,33.3,66.7,0.18,0.9,0.7,1.6
Jeremiah Robinson-Earl,NOP,24,65,1235,19,0.7,1.6,1.1,0.2,0.3,0.5,48.4,51.6,0,1.9,1.9,3.8
Ricky Council IV,PHI,23,63,1197,19,0.3,0.6,1.4,0.2,0.1,0.3,65,35,0.02,0.9,1.1,2
Antonio Reeves,NOP,22,28,529.2,18.9,0,0.1,0.9,0.2,0.2,0.4,54.5,45.5,0,0.7,1.3,1.9
Brandon Clarke,MEM,28,64,1209.6,18.9,1.1,2.6,1.6,0.2,0.3,0.4,42.9,57.1,0.05,3,1.8,4.8
Luke Kornet,BOS,29,72,1360.8,18.9,2.3,5.9,0.9,0.1,0.1,0.3,50,50,0,5.7,1.9,7.6
Micah Potter,UTA,27,37,699.3,18.9,0.6,1.4,0.8,0.1,0.1,0.2,55.6,44.4,0.03,3.2,2.4,5.6
Andre Drummond,PHI,31,40,752,18.8,2.3,5.2,1.7,0.3,0.1,0.4,64.7,35.3,0,3.1,2,5
Cam Reddish,LAL,25,31,582.8,18.8,0.3,0.6,2.2,0.2,0.4,0.6,31.6,68.4,0,0.7,1.2,2
Jonas Valančiūnas,SAC,33,81,1522.8,18.8,2.7,6.3,0.9,0.2,0.1,0.3,80,20,0,3.9,1.5,5.3
Karlo Matković,NOP,24,42,789.6,18.8,1.7,4,1.5,0.1,0.3,0.5,31.6,68.4,0,4.9,1.8,6.8
Colin Castleton,TOR,25,23,430.1,18.7,1.2,2.7,0.6,0.2,0.1,0.3,66.7,33.3,0,3.2,2.1,5.3
Jordan Goodwin,LAL,26,29,542.3,18.7,0.4,1,2.1,0.3,0.4,0.7,40,60,0,1,0.8,1.8
Josh Richardson,MIA,31,8,149.6,18.7,0.4,0.9,1.4,0.1,0,0.1,100,0,0,0.9,1,1.9
Maxi Kleber,LAL,33,34,635.8,18.7,1.3,3.1,0.9,0.2,0.1,0.3,66.7,33.3,0,3.8,1.9,5.7
Vince Williams Jr.,MEM,24,25,467.5,18.7,0.4,0.8,1.4,0.1,0.2,0.3,42.9,57.1,0.04,1.2,0.9,2.2
Dante Exum,DAL,29,20,372,18.6,0.4,1,0.7,0.1,0.2,0.3,20,80,0.1,1.3,1.1,2.4
Jaylen Sims,CHA,26,6,111.6,18.6,0.5,1.3,0.7,0,0.2,0.2,0,100,0,1,1.5,2.5
Jamison Battle,TOR,24,56,1036,18.5,0.2,0.5,0.6,0.2,0.1,0.3,60,40,0.02,1.4,1.1,2.6
Keaton Wallace,ATL,26,27,491.4,18.2,0.4,1,2,0.2,0.1,0.3,55.6,44.4,0,1.4,1.7,3.1
Oscar Tshiebwe,UTA,25,14,254.8,18.2,3.1,7.7,1.6,0.3,0.4,0.6,44.4,55.6,0.07,1.9,1.9,3.8
Day'Ron Sharpe,BKN,23,50,905,18.1,2,4.3,1.5,0.3,0.2,0.4,61.9,38.1,0.02,3,1.3,4.3
Lester Quinones,NOP,24,9,162.9,18.1,0,0,1.1,0.1,0,0.1,100,0,0.11,1.1,0.4,1.6
T.J. McConnell,IND,33,78,1411.8,18.1,0,0,2.1,0.2,0.3,0.5,40.5,59.5,0.1,0.6,1,1.6
Brandon Williams,DAL,25,26,468,18,0.2,0.4,1.9,0.4,0.4,0.8,50,50,0,1.6,0.9,2.5
Cam Whitmore,HOU,20,44,792,18,0.1,0.2,1.3,0.2,0.3,0.5,38.1,61.9,0,1,0.8,1.8
Jaden Hardy,DAL,22,47,841.3,17.9,0.1,0.2,1,0.3,0.3,0.5,48,52,0.04,0.8,0.7,1.5
Orlando Robinson,TOR,24,43,769.7,17.9,2,4.6,1.4,0.3,0.2,0.4,57.9,42.1,0,3.7,2.1,5.9
Oso Ighodaro,PHX,22,58,1038.2,17.9,2.4,5.4,1.2,0.2,0.2,0.3,52.6,47.4,0,2.9,1.4,4.3
Alec Burks,MIA,33,47,836.6,17.8,0.2,0.4,1,0.1,0.1,0.2,50,50,0,1.1,1.3,2.3
Moussa Diabat�,CHA,23,70,1239,17.7,1.9,4.5,1.7,0.4,0.1,0.5,75.7,24.3,0,3,1.7,4.7
Nicolas Batum,LAC,36,77,1362.9,17.7,0.5,1.1,1.3,0.1,0.2,0.3,35,65,0.01,1.6,1.7,3.3
Richaun Holmes,WAS,31,30,531,17.7,2.4,5.7,1,0.2,0.2,0.4,54.5,45.5,0,3.4,0.9,4.3
Mason Plumlee,PHX,35,74,1302.4,17.6,2.2,5,1.1,0.1,0.1,0.2,56.3,43.8,0.01,3.3,0.7,4
Robert Williams III,POR,27,19,334.4,17.6,2.1,5.1,1.7,0.2,0.1,0.3,66.7,33.3,0,3.7,1.5,5.3
Dalano Banton,POR,25,63,1102.5,17.5,0.1,0.3,1.4,0.1,0.1,0.2,42.9,57.1,0.02,1.6,1.2,2.8
Isaiah Mobley,PHI,25,1,17.4,17.4,2,6,2,0,0,0,0,0,0,7,3,10
Kyle Anderson,MIA,31,56,968.8,17.3,0.7,1.7,1.6,0.1,0.1,0.2,45.5,54.5,0.05,1.9,1.2,3.1
Chris Boucher,TOR,32,50,860,17.2,0.1,0.2,0.9,0.2,0.1,0.3,60,40,0.06,1.3,1.4,2.7
Jarace Walker,IND,21,66,1128.6,17.1,0.1,0.1,1.6,0.1,0.1,0.2,27.3,72.7,0,1.2,1.1,2.3
Mitchell Robinson,NYK,27,17,290.7,17.1,2.6,5.8,1.9,0.3,0.3,0.7,54.5,45.5,0,2.8,1.5,4.3
Adem Bona,PHI,22,53,901,17,2.1,5,1.1,0.1,0.1,0.3,50,50,0,3.9,1.4,5.4
Cole Swider,TOR,26,10,170,17,0.3,0.8,0.8,0,0.1,0.1,0,100,0.1,1.3,1.1,2.4
Delon Wright,NYK,33,37,629,17,0.1,0.3,1.8,0.1,0.2,0.3,38.5,61.5,0.03,0.9,0.8,1.7
Jalen Pickett,DEN,25,37,629,17,0.5,1.3,0.9,0.1,0.1,0.3,50,50,0,0.7,1.6,2.2
Ron Harper Jr.,DET,25,1,17,17,0,0,0,0,0,0,0,0,0,1,0,1
Shake Milton,LAL,28,46,782,17,0.3,0.7,1.2,0.2,0.1,0.2,72.7,27.3,0.09,0.7,0.8,1.5
Seth Curry,CHA,34,58,980.2,16.9,0.4,0.9,0.9,0.2,0.2,0.4,43.5,56.5,0.03,0.4,0.8,1.3
Isaiah Jackson,IND,23,5,84,16.8,1.8,4.2,1.2,0.2,0.2,0.4,50,50,0,3.8,1.4,5.2
Jaylin Williams,OKC,22,47,784.9,16.7,1.4,3.2,1.2,0.2,0.1,0.3,71.4,28.6,0.26,3.8,2.3,6.1
Trevelin Queen,ORL,28,25,417.5,16.7,0.3,0.8,3.1,0.3,0.2,0.5,58.3,41.7,0,2,1.4,3.5
Ajay Mitchell,OKC,22,36,597.6,16.6,0.1,0.4,1.3,0.2,0.1,0.3,54.5,45.5,0.08,1.4,0.8,2.3
Daniel Theis,NOP,33,37,614.2,16.6,2.6,6.2,1.4,0.2,0.2,0.5,50,50,0.08,2.3,1.1,3.4
GG Jackson,MEM,20,27,448.2,16.6,0.2,0.4,0.9,0.2,0.1,0.4,60,40,0,1.6,1.2,2.9
Simone Fontecchio,DET,29,72,1195.2,16.6,0.5,1.1,1.1,0.1,0.2,0.3,40,60,0.01,1.3,1.1,2.4
Josh Christopher,MIA,23,3,49.5,16.5,0.3,0.7,2.3,0,1,1,0,100,0,1.7,1.3,3
Kris Murray,POR,24,61,1006.5,16.5,0.2,0.6,1,0.2,0.2,0.5,50,50,0.07,1.6,0.5,2.1
Trayce Jackson-Davis,GSW,25,58,957,16.5,2.3,5.8,0.8,0.3,0.1,0.4,81.8,18.2,0,4.2,1.5,5.7
Kenrich Williams,OKC,30,68,1115.2,16.4,0.5,1.2,1.6,0.1,0.2,0.3,31.8,68.2,0.16,1.1,1,2.1
Lindy Waters III,DET,27,46,754.4,16.4,0.3,0.7,1.3,0.1,0.1,0.2,50,50,0.09,1.2,1.1,2.3
Pelle Larsson,MIA,24,47,770.8,16.4,0.3,0.8,1.3,0.1,0.2,0.4,41.2,58.8,0.04,2,1.5,3.5
Quenton Jackson,IND,26,22,360.8,16.4,0.2,0.6,1.9,0.1,0.4,0.4,11.1,88.9,0,0.9,1.4,2.4
Josh Okogie,CHA,26,37,603.1,16.3,0.2,0.4,2.2,0.3,0.3,0.6,43.5,56.5,0,1.2,0.8,2
Quinten Post,GSW,25,42,684.6,16.3,0.8,2.1,0.8,0.1,0.1,0.3,54.5,45.5,0,4.4,1.3,5.7
Andre Jackson Jr.,MIL,23,58,939.6,16.2,0.4,1.1,1.2,0.2,0.1,0.4,63.6,36.4,0,1.1,0.7,1.8
Mouhamed Gueye,ATL,22,32,518.4,16.2,0.8,1.9,1.3,0.2,0.2,0.4,46.2,53.8,0.03,3.3,1.3,4.7
Wendell Moore Jr.,CHA,23,30,486,16.2,0.1,0.2,1.6,0.1,0.1,0.2,57.1,42.9,0,0.8,0.6,1.4
Jarred Vanderbilt,LAL,26,36,579.6,16.1,1.1,2.7,2.1,0.3,0.2,0.5,64.7,35.3,0,1.7,0.7,2.4
Dariq Whitehead,BKN,20,15,240,16,0.2,0.5,0.6,0,0.1,0.1,0,100,0,0.6,1.4,2
Landry Shamet,NYK,28,47,752,16,0.2,0.5,1.1,0,0.2,0.3,8.3,91.7,0.02,1.8,1.1,2.9
Ronald Holland II,DET,19,76,1216,16,0.3,0.7,1.3,0.3,0.2,0.5,60.5,39.5,0,0.8,0.8,1.6
Ryan Rollins,MIL,22,50,795,15.9,0.1,0.2,1.8,0.1,0.3,0.4,30,70,0,1.3,1,2.3
Tristan Vukcevic,WAS,22,31,489.8,15.8,1.3,2.9,1.2,0.2,0,0.2,100,0,0.13,3.5,1.4,4.9
Colby Jones,WAS,23,32,502.4,15.7,0.3,0.6,1.6,0.2,0.1,0.3,55.6,44.4,0.03,1.6,1,2.5
D.J. Carton,TOR,24,1,15.7,15.7,0,0,4,0,0,0,0,0,0,0,0,0
Daeqwon Plowden,ATL,26,4,62.8,15.7,0,0,0.3,0,0.3,0.3,0,100,0,1,1.5,2.5
Elijah Harkless,UTA,25,8,125.6,15.7,0.3,0.6,2,0.3,0.3,0.5,50,50,0.13,1.1,1.3,2.4
Collin Gillespie,PHX,25,29,452.4,15.6,0.1,0.1,1.8,0.3,0.3,0.6,50,50,0.03,0.6,0.9,1.6
Jalen Smith,CHI,25,61,951.6,15.6,1.3,2.9,0.4,0.1,0.1,0.3,50,50,0.05,3,1,4.1
Cameron Payne,NYK,30,68,1054,15.5,0.1,0.3,1.6,0.1,0.1,0.2,28.6,71.4,0.18,0.8,0.7,1.5
Zach Collins,CHI,27,63,976.5,15.5,2.1,4.6,0.9,0.2,0.1,0.3,65,35,0.03,4.2,1.3,5.5
Jonathan Isaac,ORL,27,70,1078,15.4,0.6,1.5,1.7,0.2,0.1,0.3,62.5,37.5,0,3.1,0.9,4.1
Neemias Queta,BOS,25,56,851.2,15.2,2.3,5.9,0.6,0.1,0.1,0.2,66.7,33.3,0,3.5,1.3,4.8
Pat Connaughton,MIL,32,39,592.8,15.2,0.3,0.6,0.6,0.2,0.1,0.3,63.6,36.4,0,1,1.5,2.5
Gary Harris,ORL,30,44,664.4,15.1,0.4,0.9,1.6,0.2,0.1,0.4,62.5,37.5,0,0.6,0.8,1.4
Gary Payton II,GSW,32,61,921.1,15.1,0.6,1.4,2.1,0.3,0.3,0.5,51.6,48.4,0,1,0.8,1.8
Marcus Sasser,DET,24,51,770.1,15.1,0.1,0.3,1.5,0.2,0.2,0.4,55,45,0,0.8,0.8,1.6
Caleb Houstan,ORL,22,49,735,15,0.5,1,0.7,0.1,0.1,0.2,50,50,0,1.3,0.7,2
John Konchar,MEM,29,35,525,15,0.1,0.3,1.6,0.2,0.2,0.4,42.9,57.1,0.03,1.3,1.3,2.6
Kevon Looney,GSW,29,76,1140,15,2.5,6.1,1.1,0.3,0.2,0.5,60,40,0,4.1,1.4,5.5
Jabari Walker,POR,22,47,700.3,14.9,0.8,1.9,1,0.2,0.2,0.4,45,55,0.02,0.9,1.2,2.1
Jamal Cain,NOP,26,33,491.7,14.9,0.3,0.7,1.5,0.2,0.1,0.4,58.3,41.7,0,1.3,1.1,2.4
Isaiah Wong,CHA,24,17,251.6,14.8,0.2,0.3,1.5,0.3,0.2,0.6,60,40,0.06,0.7,0.9,1.6
Jamaree Bouyea,MIL,25,4,59.2,14.8,0.3,0.8,2,0.5,0,0.5,100,0,0,1.3,1.3,2.5
Jordan Miller,LAC,25,25,370,14.8,0.2,0.4,1.1,0.1,0,0.1,66.7,33.3,0,0.8,1.2,2.1
Julian Phillips,CHI,21,73,1080.4,14.8,0.2,0.6,1,0.1,0.2,0.3,39.1,60.9,0,1.2,1,2.3
Thomas Bryant,IND,27,65,962,14.8,1.6,3.5,0.9,0.1,0.1,0.2,61.5,38.5,0.02,3.2,0.6,3.9
Jaylen Clark,MIN,23,35,507.5,14.5,0.2,0.5,2,0.1,0.2,0.3,36.4,63.6,0.03,1.6,0.9,2.5
Alex Reese,PHI,26,15,216,14.4,1.1,2.5,1,0.1,0.1,0.2,66.7,33.3,0.13,3.3,2,5.3
Gui Santos,GSW,22,52,748.8,14.4,0.3,0.7,1.2,0.2,0.2,0.5,50,50,0,1.7,1.4,3.1
Maxwell Lewis,BKN,22,22,316.8,14.4,0.1,0.1,1.2,0.1,0,0.1,100,0,0,1,1,2
Reece Beekman,BKN,23,32,457.6,14.3,0,0.1,2.1,0.2,0.1,0.3,55.6,44.4,0,0.4,0.6,1
Cam Spencer,MEM,25,16,227.2,14.2,0.1,0.3,0.8,0.1,0.1,0.3,50,50,0.06,0.4,0.8,1.2
Steven Adams,HOU,31,56,795.2,14.2,2.5,5.7,0.7,0.4,0.2,0.5,70,30,0,3.2,0.9,4
TyTy Washington Jr.,PHX,23,7,99.4,14.2,0,0,1.4,0.1,0.6,0.7,20,80,0,0.7,0.9,1.6
Baylor Scheierman,BOS,24,26,366.6,14.1,0.1,0.3,1.5,0.1,0,0.1,75,25,0.04,0.8,0.8,1.6
JT Thor,WAS,22,17,239.7,14.1,0.3,0.7,0.9,0.1,0.1,0.2,33.3,66.7,0,1.6,1.2,2.8
Talen Horton-Tucker,CHI,24,50,705,14.1,0.1,0.3,1.1,0.1,0.1,0.2,66.7,33.3,0.04,0.9,1.5,2.4
Bol Bol,PHX,25,31,434,14,0.3,0.7,0.4,0.1,0.1,0.2,57.1,42.9,0,1.6,2.3,3.9
Dalen Terry,CHI,22,67,938,14,0.2,0.4,1.5,0.2,0.1,0.3,65.2,34.8,0.01,1.5,1.2,2.6
Nae'Qwan Tomlin,CLE,24,4,56,14,0.5,1.5,0.3,0.3,0,0.3,100,0,0,1.8,0.8,2.5
Vlatko Čančar,DEN,28,9,126,14,0.2,0.6,0.7,0,0,0,0,0,0,1.7,1.3,3
Malachi Flynn,CHA,27,3,41.7,13.9,0,0,2,0,0.3,0.3,0,100,0,2,1,3
Dario Šarić,DEN,31,15,207,13.8,1.3,3.1,0.9,0.3,0.3,0.5,50,50,0,3.1,0.9,3.9
Blake Wesley,SAS,22,47,643.9,13.7,0.1,0.2,1.4,0.1,0.1,0.3,53.8,46.2,0,0.6,0.7,1.3
Aaron Holiday,HOU,28,57,775.2,13.6,0.1,0.2,0.9,0.2,0.1,0.3,72.2,27.8,0.02,1,1,1.9
Cory Joseph,ORL,33,44,594,13.5,0.4,0.9,1,0.1,0.2,0.3,38.5,61.5,0.02,1.1,0.9,2
David Roddy,HOU,24,30,405,13.5,0.3,0.8,0.7,0.1,0.1,0.2,42.9,57.1,0,1.5,1.1,2.6
Pete Nance,MIL,25,10,134,13.4,1.8,4.3,0.6,0.1,0,0.1,100,0,0,2.6,1.5,4.1
Monte Morris,PHX,29,39,518.7,13.3,0.2,0.5,0.7,0.1,0.1,0.2,25,75,0,0.6,0.7,1.2
Jericho Sims,MIL,26,47,620.4,13.2,2.1,4.9,0.5,0.1,0.1,0.3,58.3,41.7,0,2.8,1,3.9
Kai Jones,DAL,24,35,458.5,13.1,1.6,3.4,1.3,0.2,0.1,0.3,63.6,36.4,0,2.5,0.7,3.3
Markieff Morris,LAL,35,11,144.1,13.1,0.6,1.7,0.6,0,0.1,0.1,0,100,0,1.2,0.8,2
Reggie Jackson,PHI,35,28,366.8,13.1,0.2,0.4,0.9,0.1,0.1,0.3,57.1,42.9,0.04,1.1,1.2,2.3
Rob Dillingham,MIN,20,36,471.6,13.1,0.1,0.3,1,0.1,0.1,0.3,50,50,0,0.7,0.7,1.4
Jett Howard,ORL,21,49,637,13,0.1,0.3,0.4,0.1,0.1,0.2,60,40,0,1.2,0.9,2.2
Jeff Green,HOU,38,30,387,12.9,0.8,1.9,0.5,0,0.1,0.2,20,80,0.03,1.4,1,2.3
Mo Bamba,NOP,27,32,412.8,12.9,1.1,2.5,0.7,0.2,0.2,0.3,50,50,0,2.9,1.3,4.2
Reed Sheppard,HOU,20,50,645,12.9,0.1,0.3,2,0,0.2,0.2,16.7,83.3,0,0.9,0.9,1.8
Drew Eubanks,LAC,28,58,742.4,12.8,1.6,4,0.7,0.1,0,0.2,77.8,22.2,0.02,2.6,1,3.6
Jay Huff,MEM,27,58,742.4,12.8,0.3,0.7,0.4,0.1,0,0.1,71.4,28.6,0,4,1.7,5.7
Olivier-Maxence Prosper,DAL,22,43,550.4,12.8,0.3,0.7,0.6,0.2,0.2,0.4,43.8,56.3,0,1.8,0.9,2.7
N'Faly Dante,HOU,23,4,50.8,12.7,1.8,4.3,1,0,0,0,0,0,0,2.8,0.8,3.5
Kylor Kelley,NOP,27,10,125,12.5,0.7,1.5,0.2,0,0.1,0.1,0,100,0,3.1,2.9,6
Torrey Craig,BOS,34,25,312.5,12.5,0.5,1.2,1.1,0.2,0.2,0.4,55.6,44.4,0.04,1,1.2,2.2
Jock Landale,HOU,29,40,496,12.4,2.1,4.9,0.5,0.2,0.1,0.3,70,30,0.03,2.7,0.7,3.4
Kobe Bufkin,ATL,21,10,124,12.4,0,0,1.1,0.2,0.3,0.5,40,60,0,0.7,1.2,1.9
DeAndre Jordan,DEN,36,56,688.8,12.3,1.9,4.4,0.5,0.1,0.1,0.2,72.7,27.3,0,1.8,0.6,2.4
Jae Crowder,SAC,34,7,86.1,12.3,0.1,0.3,0.7,0,0.3,0.3,0,100,0,0.3,1.4,1.7
Jae'Sean Tate,HOU,29,47,578.1,12.3,0.5,1.2,1.3,0.2,0.1,0.3,66.7,33.3,0.17,0.9,1.2,2.1
Sandro Mamukelashvili,SAS,26,54,664.2,12.3,0.7,1.6,0.8,0.3,0.2,0.4,60.9,39.1,0,2.4,1.2,3.6
Ousmane Dieng,OKC,22,32,390.4,12.2,0.3,0.6,0.7,0.1,0.2,0.3,40,60,0,1.8,1.2,3
Patty Mills,LAC,36,25,305,12.2,0.4,1.1,0.8,0.1,0.2,0.3,37.5,62.5,0.16,0.3,0.5,0.8
Malaki Branham,SAS,22,30,363,12.1,0,0.1,0.5,0.1,0.1,0.2,42.9,57.1,0,0.8,0.8,1.6
Terrence Shannon Jr.,MIN,24,27,324,12,0.3,0.6,0.8,0,0.3,0.3,0,100,0,0.9,1.1,2
Zeke Nnaji,DEN,24,49,578.2,11.8,0.7,1.7,0.8,0.1,0.1,0.2,36.4,63.6,0.02,2.4,1.4,3.8
Craig Porter Jr.,CLE,25,41,479.7,11.7,0.4,0.8,1.1,0.2,0.1,0.3,72.7,27.3,0,1.1,0.9,2
Devin Carter,SAC,23,33,386.1,11.7,0,0,1.1,0.2,0.1,0.3,70,30,0.06,0.8,0.9,1.7
Jackson Rowe,GSW,28,4,46.8,11.7,0.3,0.5,1.5,0,0,0,0,0,0,1,0.5,1.5
Jaden Springer,UTA,22,28,327.6,11.7,0.1,0.3,1.6,0.1,0.2,0.3,37.5,62.5,0,0.4,0.5,0.9
Jaylon Tyson,CLE,22,36,421.2,11.7,0.2,0.5,0.7,0.1,0.1,0.2,57.1,42.9,0.03,1.3,1.2,2.5
Miles Norris,BOS,25,3,34.8,11.6,0,0,1,0,0.7,0.7,0,100,0,1.7,1,2.7
Charles Bassey,SAS,24,32,368,11.5,1.2,2.7,0.9,0.1,0.2,0.2,28.6,71.4,0,2.9,1,3.9
Dominick Barlow,ATL,22,32,368,11.5,1.5,3.3,0.9,0.1,0.2,0.3,40,60,0,3,1.1,4.1
Duop Reath,POR,28,39,448.5,11.5,1,2.4,0.5,0.1,0.1,0.2,57.1,42.9,0,3,1.1,4.2
Phillip Wheeler,PHI,23,3,34.5,11.5,0,0,0.7,0,0,0,0,0,0,1,1.3,2.3
Taj Gibson,CHA,39,35,402.5,11.5,1.5,3.5,0.5,0.2,0.1,0.3,72.7,27.3,0.03,2.5,1,3.5
Lamar Stevens,MEM,27,12,136.8,11.4,0.3,0.8,0.8,0.2,0.1,0.3,66.7,33.3,0,1.4,1.2,2.6
Tyler Kolek,NYK,24,22,250.8,11.4,0.1,0.1,0.9,0.1,0.1,0.2,75,25,0.05,0.8,0.6,1.4
Dillon Jones,OKC,23,47,531.1,11.3,0.3,0.6,1,0.1,0.1,0.3,41.7,58.3,0,0.7,0.6,1.3
Dwight Powell,DAL,33,48,542.4,11.3,1.6,3.5,0.9,0.1,0.1,0.2,70,30,0.06,3,1.1,4
Kevin Love,MIA,36,21,237.3,11.3,0.8,1.8,1.4,0.1,0.2,0.3,28.6,71.4,0.1,1,0.5,1.5
Trey Jemison III,LAL,25,34,384.2,11.3,1.3,2.9,0.7,0.3,0.1,0.3,81.8,18.2,0,2.4,1.3,3.6
Jevon Carter,CHI,29,26,283.4,10.9,0.2,0.4,0.7,0.1,0,0.1,75,25,0,0.3,1,1.4
Sidy Cissoko,POR,21,7,76.3,10.9,0.1,0.3,0.6,0.3,0.3,0.6,50,50,0,0.6,0.6,1.1
Rayan Rupert,POR,21,38,410.4,10.8,0.1,0.3,1.1,0.1,0.1,0.2,66.7,33.3,0.05,0.9,0.6,1.5
Bones Hyland,MIN,24,21,224.7,10.7,0.1,0.1,1.2,0.1,0.1,0.2,60,40,0,0.4,0.6,0.9
Garrett Temple,TOR,39,19,203.3,10.7,0.2,0.5,2,0.1,0.1,0.2,50,50,0.05,0.9,0.7,1.6
Bruno Fernando,TOR,26,13,136.5,10.5,1.6,3.6,0.6,0.1,0.1,0.2,33.3,66.7,0,1.9,1.3,3.1
Moses Brown,DAL,25,11,114.4,10.4,0.6,1.4,1,0.1,0,0.1,100,0,0,3.9,1,4.9
Emoni Bates,CLE,21,6,61.8,10.3,0.5,1.3,0.3,0.2,0,0.2,100,0,0,1,0.3,1.3
Nate Williams,HOU,26,12,123.6,10.3,0.3,0.6,1.3,0,0.3,0.3,0,100,0,1,0.6,1.6
Luke Travers,CLE,23,8,80.8,10.1,0.3,0.6,0.6,0,0,0,0,0,0,1.9,0.4,2.3
Marvin Bagley III,MEM,26,24,240,10,0.9,1.8,0.4,0.2,0,0.3,83.3,16.7,0.04,2,1.7,3.7
RayJ Dennis,IND,24,6,60,10,0.2,0.3,1.3,0.2,0.5,0.7,25,75,0,0.7,1,1.7
Paul Reed,DET,25,44,435.6,9.9,1.6,3.8,1.8,0.2,0.2,0.3,50,50,0.02,2.7,0.7,3.4
Taze Moore,POR,26,2,19.8,9.9,0,0,2.5,0,0,0,0,0,0,0.5,0,0.5
Johnny Furphy,IND,20,36,352.8,9.8,0.2,0.4,1.1,0.1,0.1,0.3,50,50,0.03,1.1,0.9,2
Tony Bradley,IND,27,11,107.8,9.8,1.4,3.3,0.9,0.1,0.1,0.2,50,50,0,2.9,0.7,3.6
Adam Flagler,OKC,25,16,155.2,9.7,0.3,0.6,0.7,0,0.4,0.4,0,100,0,0.3,1.1,1.4
Anthony Gill,WAS,32,39,378.3,9.7,0.2,0.4,0.5,0.2,0.1,0.3,63.6,36.4,0,1,1.1,2.1
Branden Carlson,OKC,25,24,232.8,9.7,0.8,1.9,0.3,0.2,0.1,0.3,71.4,28.6,0,2.5,1.1,3.6
Bronny James,LAL,20,15,145.5,9.7,0,0,0.9,0,0.2,0.2,0,100,0,0.9,0.7,1.6
Christian Koloko,LAL,24,35,339.5,9.7,1,2.3,0.6,0.1,0.1,0.3,44.4,55.6,0,2.7,0.9,3.6
Doug McDermott,SAC,33,31,297.6,9.6,0.2,0.5,0.3,0,0,0,0,0,0,0.9,0.9,1.8
Justin Minaya,POR,26,8,76.8,9.6,0.1,0.4,1.4,0,0.1,0.1,0,100,0,1.1,0.8,1.9
Enrique Freeman,IND,24,18,171,9.5,0.6,1.2,0.4,0.1,0,0.1,100,0,0,1.5,1.1,2.6
Jordan Walsh,BOS,21,38,361,9.5,0.1,0.4,0.5,0.2,0.1,0.3,66.7,33.3,0.03,1.1,0.7,1.8
Alex Len,LAL,31,39,366.6,9.4,1.3,3.2,0.5,0.2,0.1,0.3,53.8,46.2,0,2.6,1,3.6
Ariel Hukporti,NYK,23,23,213.9,9.3,1.4,3.1,0.5,0.2,0.1,0.3,57.1,42.9,0,2.9,1.1,4
Hunter Tyson,DEN,24,40,372,9.3,0.2,0.5,0.5,0.1,0.2,0.3,36.4,63.6,0.03,1,1,2
Markelle Fultz,SAC,27,19,176.7,9.3,0.2,0.3,0.9,0.1,0.2,0.2,25,75,0,0.6,0.5,1.1
Drew Peterson,BOS,25,19,174.8,9.2,0.2,0.4,0.9,0,0.2,0.2,0,100,0,0.5,0.5,1
Johnny Davis,WAS,23,20,184,9.2,0.2,0.5,1.4,0.1,0.3,0.4,25,75,0,0.6,0.6,1.1
Kobe Brown,LAC,25,27,245.7,9.1,0.4,0.9,0.5,0.3,0.2,0.5,57.1,42.9,0,0.9,0.6,1.5
Isaac Jones,SAC,24,33,290.4,8.8,0.7,1.6,0.6,0.1,0,0.1,80,20,0,2,0.8,2.8
Kevin McCullar Jr.,NYK,24,3,26.1,8.7,0,0,0.7,0,0.7,0.7,0,100,0,1.7,0.3,2
Spencer Jones,DEN,23,13,111.8,8.6,0.1,0.4,0.8,0.3,0,0.3,100,0,0,0.7,0.8,1.5
Tristan Thompson,CLE,34,37,318.2,8.6,1.2,2.8,0.3,0,0.1,0.1,20,80,0,1.8,0.8,2.6
Pat Spencer,GSW,28,25,212.5,8.5,0.2,0.7,1,0.2,0,0.2,100,0,0,0.7,0.4,1.1
Cam Christie,LAC,19,5,41.5,8.3,0.2,0.6,0.8,0.2,0,0.2,100,0,0,0.6,0.2,0.8
Joe Ingles,MIN,37,13,107.9,8.3,0.4,0.8,0.5,0.1,0.1,0.2,33.3,66.7,0,0.2,0.5,0.8
Jordan McLaughlin,SAS,29,34,278.8,8.2,0.2,0.4,0.8,0.1,0.2,0.4,38.5,61.5,0.06,0.5,0.5,0.9
Quincy Olivari,LAL,24,1,8.2,8.2,0,0,0,0,0,0,0,0,0,0,1,1
Xavier Tillman,BOS,26,25,205,8.2,0.5,1.4,0.7,0.1,0.1,0.2,40,60,0,1.4,1.1,2.5
Yuri Collins,GSW,24,2,16.4,8.2,0,0,0.5,0.5,0.5,1,50,50,0,0,0,0
Armel Traor�,LAL,22,7,55.3,7.9,0,0,1.3,0,0,0,0,0,0,0.7,0.6,1.3
Terence Davis,SAC,28,1,7.9,7.9,0,0,0,0,0,0,0,0,0,0,1,1
Pacome Dadiet,NYK,19,13,101.4,7.8,0,0,0.3,0.2,0,0.2,100,0,0,1,0.4,1.4
Keshad Johnson,MIA,23,11,84.7,7.7,0.3,0.6,0.5,0.1,0.2,0.3,33.3,66.7,0,1.4,0.6,2
Kevin Knox II,GSW,25,9,69.3,7.7,0,0,0.6,0,0,0,0,0,0,1,0.9,1.9
Mason Jones,SAC,26,3,22.5,7.5,0,0,1,0.3,0,0.3,100,0,0,1.7,0.3,2
JD Davison,BOS,22,10,74,7.4,0.1,0.3,0.8,0,0.1,0.1,0,100,0,0.3,0.3,0.6
Josh Minott,MIN,22,35,259,7.4,0.1,0.2,0.9,0,0.1,0.1,20,80,0,0.8,0.9,1.7
Tyler Smith,MIL,20,14,103.6,7.4,0.3,0.7,0.6,0.1,0.1,0.2,66.7,33.3,0.07,0.8,0.9,1.6
Adama Sanogo,CHI,23,3,21,7,1.7,4,0.3,0,0,0,0,0,0,1.3,1.7,3
Harrison Ingram,SAS,22,5,35,7,0.4,1.2,2.6,0,0.2,0.2,0,100,0,0.8,0.4,1.2
Yuki Kawamura,MEM,24,10,69,6.9,0,0,0.6,0,0.1,0.1,0,100,0,0.2,0.6,0.8
Bobi Klintman,DET,22,5,34,6.8,0.2,0.4,0.4,0.2,0,0.2,100,0,0,0.8,0.2,1
Jack McVeigh,HOU,28,5,34,6.8,0.2,0.4,0,0,0.2,0.2,0,100,0,1.6,0.8,2.4
Riley Minix,SAS,24,1,6.8,6.8,0,0,0,0,0,0,0,0,0,1,1,2
Braxton Key,GSW,28,1,6.7,6.7,0,0,2,0,0,0,0,0,0,0,1,1
Trey Alexander,DEN,22,14,93.8,6.7,0,0,0.6,0.1,0.1,0.1,50,50,0,0.8,0.4,1.2
Damion Lee,PHX,32,14,92.4,6.6,0.1,0.2,0.4,0.1,0,0.1,100,0,0,0.1,0.8,0.9
David Duke Jr.,SAS,25,4,26.4,6.6,0,0,0.3,0.3,0.5,0.8,33.3,66.7,0,0,0.3,0.3
Alex Ducas,OKC,24,15,97.5,6.5,0.1,0.1,0.5,0.1,0.1,0.2,66.7,33.3,0,0.4,0.1,0.5
Jacob Toppin,ATL,25,9,58.5,6.5,0.1,0.2,0.6,0,0,0,0,0,0,0.8,0.7,1.4
Jazian Gortman,DAL,22,6,39,6.5,0.2,0.3,0.7,0.2,0,0.2,100,0,0,0.7,0.5,1.2
Chris Livingston,MIL,21,14,89.6,6.4,0.3,0.7,1.1,0,0.2,0.2,0,100,0,1,0.1,1.1
Trentyn Flowers,LAC,20,1,6.4,6.4,0,0,1,0,0,0,0,0,0,1,0,1
Luka Garza,MIN,26,33,207.9,6.3,0.8,1.9,0.7,0.1,0.1,0.2,71.4,28.6,0.12,1.5,0.6,2.1
Chris Duarte,CHI,27,9,55.8,6.2,0,0,0.3,0.2,0,0.2,100,0,0,1,0.8,1.8
Jalen McDaniels,WAS,27,1,6.2,6.2,0,0,1,0,0,0,0,0,0,3,2,5
MarJon Beauchamp,NYK,24,22,129.8,5.9,0,0,0.5,0.1,0.2,0.3,42.9,57.1,0.05,0.4,0.4,0.8
E.J. Liddell,CHI,24,8,46.4,5.8,0.4,0.9,0.3,0.1,0,0.1,100,0,0,1.3,0.4,1.6
Emanuel Miller,CHI,24,3,17.4,5.8,0,0,0.3,0,0,0,0,0,0,0.3,0.7,1
Patrick Baldwin Jr.,LAC,22,14,78.4,5.6,0.2,0.4,0.5,0,0,0,0,0,0,0.4,0.1,0.6
Jahmir Young,CHI,24,3,16.2,5.4,0,0,0.3,0,0,0,0,0,0,0.3,1,1.3
Mac McClung,ORL,26,1,5.4,5.4,0,0,1,0,0,0,0,0,0,0,0,0
Matt Ryan,NYK,28,7,37.1,5.3,0.1,0.3,0.4,0,0.1,0.1,0,100,0.14,0.4,0.7,1.1
Daniss Jenkins,DET,23,3,15.6,5.2,0,0,0.3,0,0,0,0,0,0,0.3,0.7,1
Ulrich Chomche,TOR,19,6,31.2,5.2,0.7,1.3,0.2,0.2,0,0.2,100,0,0,1.5,0.3,1.8
Skal Labissiere,SAC,29,2,10,5,1,3,0,0.5,0,0.5,100,0,0,0.5,0.5,1
Stanley Umude,MIL,26,17,79.9,4.7,0,0,0.5,0.1,0.1,0.2,33.3,66.7,0,0.7,0.5,1.2
James Wiseman,IND,24,1,4.6,4.6,0,0,0,0,0,0,0,0,0,2,0,2
Liam Robbins,MIL,25,11,50.6,4.6,0.5,1.1,0.4,0,0,0,0,0,0,0.9,0.5,1.4
PJ Dozier,MIN,28,5,23,4.6,0,0,0.8,0,0,0,0,0,0,0.4,0.4,0.8
PJ Hall,DEN,23,14,54.6,3.9,0.3,0.6,0.1,0.1,0,0.1,100,0,0,0.6,0.7,1.4
Malevy Leons,OKC,25,2,7.6,3.8,0,0,0,0,0,0,0,0,0,0,1,1
Isaiah Crawford,SAC,23,8,29.6,3.7,0.1,0.3,0.5,0,0,0,0,0,0,0.6,0.1,0.8
Daishen Nix,MIN,23,2,6.8,3.4,0.5,1,0,0,0,0,0,0,0,0,0.5,0.5
Jahlil Okafor,IND,29,1,3.4,3.4,0,0,0,0,1,1,0,100,0,1,1,2
Jalen Bridges,PHX,24,4,13.6,3.4,0.3,0.5,0.3,0,0,0,0,0,0,0,0,0
James Johnson,IND,38,5,17,3.4,0.2,0.4,0,0,0,0,0,0,0,0.6,0.6,1.2
Anton Watson,NYK,24,5,15.5,3.1,1.2,3,0.2,0,0,0,0,0,0,0.6,0.2,0.8
Jesse Edwards,MIN,25,1,3.1,3.1,0,0,0,1,0,1,100,0,0,0,0,0
Leonard Miller,MIN,21,6,17.4,2.9,0,0,0.3,0,0,0,0,0,0,0.3,0.3,0.7
Tristen Newton,MIN,24,3,8.4,2.8,0,0,1,0,0,0,0,0,0,0,0.7,0.7
Bryce McGowens,POR,22,6,13.8,2.3,0,0,0.2,0,0,0,0,0,0,0.2,0.8,1
Isaiah Stevens,MIA,24,1,2,2,0,0,1,0,0,0,0,0,0,0,0,0
Cui Yongxi,BKN,22,1,1.3,1.3,0,0,1,0,0,0,0,0,0,0,0,0
Zyon Pullin,MEM,24,1,0.8,0.8,0,0,0,0,0,0,0,0,0,1,0,1
